institution,address,latitude,longitude,region,description
"Singleton Campus, Swansea University","Room 516, Vivian Tower, Swansea University, Singleton Park, Swansea",51.609054,-3.9823230000000005,Wales,"Singleton Campus, Swansea University, Room 516, Vivian Tower, Swansea University, Singleton Park, Swansea"
Earlham Institute,"Norwich Research Park, Norwich, NR4 7UZ UK",52.621887,1.218976,Eastern,"Earlham Institute, Norwich Research Park, Norwich, NR4 7UZ UK"
Earlham Institute,"Norwich Research Park, Norwich, NR4 7UZ UK",52.621887,1.218976,Eastern,"Earlham Institute, Norwich Research Park, Norwich, NR4 7UZ UK"
UK Atomic Energy Authority,"LRDC, Culham Science Centre, Abingdon",51.657,-1.23,South East,"UK Atomic Energy Authority, LRDC, Culham Science Centre, Abingdon"
King's College London,"King's College London, Strand Campus, Bush House South East Wing, Room BH(SE) 1.01 (Jan. 9) and BH(SE) 6.04 (Jan. 10), 300, Strand, London WC2R 1AE",51.513115,-0.11556,London,"King's College London, King's College London, Strand Campus, Bush House South East Wing, Room BH(SE) 1.01 (Jan. 9) and BH(SE) 6.04 (Jan. 10), 300, Strand, London WC2R 1AE"
"Bay Campus, Swansea University","Room 127, The College, Swansea University, Bay Campus, Swansea",51.617903000000005,-3.880897,Wales,"Bay Campus, Swansea University, Room 127, The College, Swansea University, Bay Campus, Swansea"
Kings College London,"Rm 2.09, Bush House, Strand, London WC2R 1ES",51.511590000000005,-0.11896,London,"Kings College London, Rm 2.09, Bush House, Strand, London WC2R 1ES"
FIXME,FIXME,53.466853,-2.2360777,North West,"FIXME, FIXME"
"Singleton Campus, Swansea University","Room 516, Vivian Tower, Swansea University, Singleton Park, Swansea",51.609054,-3.9823230000000005,Wales,"Singleton Campus, Swansea University, Room 516, Vivian Tower, Swansea University, Singleton Park, Swansea"
FIXME,FIXME,52.0746169,-0.6304773,Eastern,"FIXME, FIXME"
University of Manchester,"Stopford Building G.321 PC Cluster 2C, University of Manchester, Oxford Rd, Manchester M13 9PL",53.464003000000005,-2.230456,North West,"University of Manchester, Stopford Building G.321 PC Cluster 2C, University of Manchester, Oxford Rd, Manchester M13 9PL"
Imperial College London,"ICT training room, Central Library 204, South Kensington Campus",51.4988,-0.174877,London,"Imperial College London, ICT training room, Central Library 204, South Kensington Campus"
"JCMB, King's Buildings (various rooms)","James Clerk Maxwell Building, Peter Guthrie Tait Road, Edinburgh, EH9 3FD",55.921864,-3.17441,Scotland,"JCMB, King's Buildings (various rooms), James Clerk Maxwell Building, Peter Guthrie Tait Road, Edinburgh, EH9 3FD"
UCL,"Basement cluster, Foster Court, Gower St, Bloomsbury, London WC1E 6BT",51.52245,-0.13263,London,"UCL, Basement cluster, Foster Court, Gower St, Bloomsbury, London WC1E 6BT"
ARCHER-SSI Data Carpentry at Cardiff University,"Training Room 2, Julian Hodge Building, Colum Drive, Cardiff, CF10 3EU",51.49191,-3.1854299999999998,Wales,"ARCHER-SSI Data Carpentry at Cardiff University, Training Room 2, Julian Hodge Building, Colum Drive, Cardiff, CF10 3EU"
"Singleton Campus, Swansea University","Room 38, Talbot Building, Swansea University, Singleton Park, Swansea",51.609069,-3.9783699999999995,Wales,"Singleton Campus, Swansea University, Room 38, Talbot Building, Swansea University, Singleton Park, Swansea"
University of Bradford,"F42, Richmond Building, University of Bradford",53.790440000000004,-1.7654020000000001,Yorkshire and The Humber,"University of Bradford, F42, Richmond Building, University of Bradford"
R for reproducible scientific analysis - Imperial College London,"ICT training room, Central Library 204, South Kensington campus",51.498152000000005,-0.178368,London,"R for reproducible scientific analysis - Imperial College London, ICT training room, Central Library 204, South Kensington campus"
"IGMM, The University of Edinburgh","Medical Education Centre, Computing Lab, Western General Hospital",55.96219,-3.2334490000000002,Scotland,"IGMM, The University of Edinburgh, Medical Education Centre, Computing Lab, Western General Hospital"
School of Chemistry: Python and Unix Shell,"Joseph Black building T40 and G.09, Kings Buildingings",55.921711,-3.173591,Scotland,"School of Chemistry: Python and Unix Shell, Joseph Black building T40 and G.09, Kings Buildingings"
University College London,"Lab 1, Physics Building, University College London, WC1E 6BT",51.525434999999995,-0.133241,London,"University College London, Lab 1, Physics Building, University College London, WC1E 6BT"
University of St Andrews,"Parliament Hall, University of St Andrews, St Mary's College, St Andrews, Fife, KY16 9JU, Scotland, UK",56.339307999999996,-2.793957,Scotland,"University of St Andrews, Parliament Hall, University of St Andrews, St Mary's College, St Andrews, Fife, KY16 9JU, Scotland, UK"
University of Edinburgh,"Teaching Studio 3217, James Clerk Maxwell Building, Peter Guthrie Tait Road, Edinburgh",55.921711,-3.173591,Scotland,"University of Edinburgh, Teaching Studio 3217, James Clerk Maxwell Building, Peter Guthrie Tait Road, Edinburgh"
Data Wrangling for Economists (EEA Annual Congress),"University of Manchester, University Place, Room 1.219",53.46685,-2.233884,North West,"Data Wrangling for Economists (EEA Annual Congress), University of Manchester, University Place, Room 1.219"
UCL,"G20 cluster, Christopher Ingold Building, Gordon Street, London, UK",51.525256,-0.132574,London,"UCL, G20 cluster, Christopher Ingold Building, Gordon Street, London, UK"
Research Software London (hosted at Queen Mary University of London),"Room W207, Queens' Building, Mile End Campus, Queen Mary University of London, Mile End Road, London, E1 4NS",51.523351,-0.040492,London,"Research Software London (hosted at Queen Mary University of London), Room W207, Queens' Building, Mile End Campus, Queen Mary University of London, Mile End Road, London, E1 4NS"
University of Ediniburgh,"JCMB 4325C (Kings Buildings), Peter Guthrie Tait Road, Edinburgh, EH9 3FD",55.921806999999994,-3.173319,Scotland,"University of Ediniburgh, JCMB 4325C (Kings Buildings), Peter Guthrie Tait Road, Edinburgh, EH9 3FD"
University of Birmingham,Murray Learning Centre LG13,52.45069300000001,-1.935646,West Midlands,"University of Birmingham, Murray Learning Centre LG13"
ARCHER-SSI Software Carpentry at The University of York,"the Debye Lecture Theatre, GN/120, York Plasma Institute",53.948043500000004,-1.0466030000000002,Yorkshire and The Humber,"ARCHER-SSI Software Carpentry at The University of York, the Debye Lecture Theatre, GN/120, York Plasma Institute"
Edinburgh University,Edinburgh,51.764476,-1.2603280000000001,South East,"Edinburgh University, Edinburgh"
University of Birmingham,Murray Learning Centre UG07 (3rd) and UG08 (4th),52.45069300000001,-1.935646,West Midlands,"University of Birmingham, Murray Learning Centre UG07 (3rd) and UG08 (4th)"
King's College London,"5th Floor Bermondsey Wing, Large AALB Room",51.517146000000004,-0.096739,London,"King's College London, 5th Floor Bermondsey Wing, Large AALB Room"
University of St Andrews,"Parliament Hall, University of St Andrews, St Mary's College, St Andrews, Fife, KY16 9JU, Scotland, UK",56.339307999999996,-2.793957,Scotland,"University of St Andrews, Parliament Hall, University of St Andrews, St Mary's College, St Andrews, Fife, KY16 9JU, Scotland, UK"
University of Nottingham,"The University of Nottingham, Teaching and Learning Building, Room E07, University Park, Nottingham, NG7 2NR",52.934502,-1.1946700000000001,East Midlands,"University of Nottingham, The University of Nottingham, Teaching and Learning Building, Room E07, University Park, Nottingham, NG7 2NR"
"School of Archaeology, University of Oxford","Mary Sunley Building, St Catherine’s College, Manor Road, Oxford, OX1 3UJ",51.756820000000005,-1.2473,South East,"School of Archaeology, University of Oxford, Mary Sunley Building, St Catherine’s College, Manor Road, Oxford, OX1 3UJ"
University of Birmingham,Murray Learning Centre UG08,52.45069300000001,-1.935646,West Midlands,"University of Birmingham, Murray Learning Centre UG08"
MRC Weatherall Institute of Molecular Medicine,"Conference Room, WIMM, JR Hospital, Oxford",51.76337,-1.216999,South East,"MRC Weatherall Institute of Molecular Medicine, Conference Room, WIMM, JR Hospital, Oxford"
University Of Manchester,"5.211, University Place, Oxford Road, Manchester, UK and 3.62 Simon Building, Oxford Road, Manchester, UK",53.466817000000006,-2.233694,North West,"University Of Manchester, 5.211, University Place, Oxford Road, Manchester, UK and 3.62 Simon Building, Oxford Road, Manchester, UK"
The University of Edinburgh,"Teaching Studio Room 1.16, Lister Learning and Teaching Centre, University of Edinburgh",55.946934,-3.184216,Scotland,"The University of Edinburgh, Teaching Studio Room 1.16, Lister Learning and Teaching Centre, University of Edinburgh"
University of St Andrews,"Lecture Theatre 3, The Gateway, North Haugh, St Andrews, Fife, KY16 9RJ, Scotland, UK",56.341198999999996,-2.809327,Scotland,"University of St Andrews, Lecture Theatre 3, The Gateway, North Haugh, St Andrews, Fife, KY16 9RJ, Scotland, UK"
Imperial College London,"Sherfield  ICSM S309, South Kensington Campus",51.4988,-0.174877,London,"Imperial College London, Sherfield  ICSM S309, South Kensington Campus"
King's College London,"2nd Floor Borough Wing, Seminar Room A, Guy's Hospital, SE19RT",51.503356,-0.086809,London,"King's College London, 2nd Floor Borough Wing, Seminar Room A, Guy's Hospital, SE19RT"
Swansea University,"The Boardroom, Computational Foundry, Bay Campus, Swansea University",51.619229,-3.878739,Wales,"Swansea University, The Boardroom, Computational Foundry, Bay Campus, Swansea University"
R for reproducible scientific analysis - Imperial College London,"School of Medicine, SMMS 142 - Hynds computer room, St Mary's Campus",51.517548,-0.17318599999999998,London,"R for reproducible scientific analysis - Imperial College London, School of Medicine, SMMS 142 - Hynds computer room, St Mary's Campus"
UCL,"G20 cluster, Christopher Ingold Building, Gordon Street, London, UK",51.525079999999996,0.02097,London,"UCL, G20 cluster, Christopher Ingold Building, Gordon Street, London, UK"
University of Birmingham,Murray Learning Centre - LG13,52.45068727,-1.9356966,West Midlands,"University of Birmingham, Murray Learning Centre - LG13"
Heriot Watt University,TBA,55.92261,-3.26227,Scotland,"Heriot Watt University, TBA"
Earlham Institute,"Norwich Research Park, Norwich, NR4 7UZ",52.621741,1.218987,Eastern,"Earlham Institute, Norwich Research Park, Norwich, NR4 7UZ"
University Of Manchester,"C24, Sackville Street Building, Granby Row, Manchester, UK",53.47634,-2.23603,North West,"University Of Manchester, C24, Sackville Street Building, Granby Row, Manchester, UK"
"The University of Edinburgh, School of Biological Sciences","Room 4325C, James Clerk Maxwell Building, Peter Guthrie Tait Road, Edinburgh, EH9 3FD",55.921804,-3.1736720000000003,Scotland,"The University of Edinburgh, School of Biological Sciences, Room 4325C, James Clerk Maxwell Building, Peter Guthrie Tait Road, Edinburgh, EH9 3FD"
University of Birmingham,Murray Learning Centre - UG08 (Monday) and LG13 (Thursday),52.45069300000001,-1.935646,West Midlands,"University of Birmingham, Murray Learning Centre - UG08 (Monday) and LG13 (Thursday)"
University of Birmingham,Physics Poynting - P09,52.449875,-1.928941,West Midlands,"University of Birmingham, Physics Poynting - P09"
The University of Edinburgh - Lister Learning and Teaching Centre (Central Area),"2.14 - Teaching Studio, Lister Learning and Teaching Centre (Central Area). 5 Roxburgh Place, Edinburgh, EH8 9SU",55.94745699999999,-3.184586,Scotland,"The University of Edinburgh - Lister Learning and Teaching Centre (Central Area), 2.14 - Teaching Studio, Lister Learning and Teaching Centre (Central Area). 5 Roxburgh Place, Edinburgh, EH8 9SU"
Swansea University,"Room 516, Vivian Tower, Swansea University, Singleton Park, Swansea SA2 8PP",51.609049,-3.9825904999999997,Wales,"Swansea University, Room 516, Vivian Tower, Swansea University, Singleton Park, Swansea SA2 8PP"
"University of Edinburgh, GeoSciences (Drummond St)","Room 2.02, Old Infirmary (Geography), 1 Drummond Street, Edinburgh, EH8 9XP",55.948253,-3.183886,Scotland,"University of Edinburgh, GeoSciences (Drummond St), Room 2.02, Old Infirmary (Geography), 1 Drummond Street, Edinburgh, EH8 9XP"
Earlham Institute,"Norwich Research Park, Norwich, NR4 7UZ",52.621741,1.218987,Eastern,"Earlham Institute, Norwich Research Park, Norwich, NR4 7UZ"
School of Clinical Medicine,"E-Learning3, Level 2, School of Clinical Medicine, Cambridge Biomedical Campus, Cambridge CB2 0SP",52.1869,0.1374,Eastern,"School of Clinical Medicine, E-Learning3, Level 2, School of Clinical Medicine, Cambridge Biomedical Campus, Cambridge CB2 0SP"
University of Birmingham,Muirhead - 118,52.451703,-1.9293220000000002,West Midlands,"University of Birmingham, Muirhead - 118"
University of Birmingham,Murray Learning Centre - UG10,52.45069300000001,-1.935646,West Midlands,"University of Birmingham, Murray Learning Centre - UG10"
University of St Andrews,"Seminar Rooms 1 & 2, School of Medicine, University of St Andrews, North Haugh, St Andrews, Fife, KY16 9TF. Scotland UK",56.340782999999995,-2.8079810000000003,Scotland,"University of St Andrews, Seminar Rooms 1 & 2, School of Medicine, University of St Andrews, North Haugh, St Andrews, Fife, KY16 9TF. Scotland UK"
The University of Manchester Library,"Teaching suite 4.1,The University of Manchester Library, Oxord road, Manchester, M13 9PP",53.48095,-2.23743,North West,"The University of Manchester Library, Teaching suite 4.1,The University of Manchester Library, Oxord road, Manchester, M13 9PP"
University of St Andrews,"Parliament Hall, University of St Andrews, St Mary's College, St Andrews, KY16 9JU",56.339324,-2.7939830000000003,Scotland,"University of St Andrews, Parliament Hall, University of St Andrews, St Mary's College, St Andrews, KY16 9JU"
"Western General Hospital, Ediniburgh","Computing Lab 1, Medical Education Centre, Crewe Rd S, Edinburgh EH4 2XU",55.96286,-3.2318599999999997,Scotland,"Western General Hospital, Ediniburgh, Computing Lab 1, Medical Education Centre, Crewe Rd S, Edinburgh EH4 2XU"
University of Manchester,"Stopford Building, 99 Oxford Rd, Manchester M13 9PG",53.464090399999996,-2.2296408,North West,"University of Manchester, Stopford Building, 99 Oxford Rd, Manchester M13 9PG"
CRUK Cambridge Institute,Room 009,52.176783,0.135569,Eastern,"CRUK Cambridge Institute, Room 009"
"University College London, High-Energy Physics Group","Room B1.15A, Cruciform Building, UCL, Gower Street WC1E 6BT",51.523999999999994,-0.13512000000000002,London,"University College London, High-Energy Physics Group, Room B1.15A, Cruciform Building, UCL, Gower Street WC1E 6BT"
University College London,"Christopher Ingold Building, Cluster Room G20, 20 Gordon Street, London WC1H 0AJ",51.52538039,-0.132326449,London,"University College London, Christopher Ingold Building, Cluster Room G20, 20 Gordon Street, London WC1H 0AJ"
Imperial College London,"CDT space, Central Library level 4, access from the 2nd floor of Sherfield building (SW corner, towards the Great Hall, follow the signs to Software Carpentry), South Kensington Campus, Imperial College London, SW7 2AZ",51.4988,-0.174877,London,"Imperial College London, CDT space, Central Library level 4, access from the 2nd floor of Sherfield building (SW corner, towards the Great Hall, follow the signs to Software Carpentry), South Kensington Campus, Imperial College London, SW7 2AZ"
"Computing Lab 1, Medical Education Centre","Crewe Rd S, Edinburgh EH4 2XU",55.96286,-3.2318599999999997,Scotland,"Computing Lab 1, Medical Education Centre, Crewe Rd S, Edinburgh EH4 2XU"
King's College London,"5th Floor Bermondsey Building, Large AALB Seminar Room. Guy's Hospital",51.493632,-0.07396699999999999,London,"King's College London, 5th Floor Bermondsey Building, Large AALB Seminar Room. Guy's Hospital"
Software Carpentry @ Oxford University,"Oxford e-Research Centre (7 Keble Road ,Oxford, OX1 3QG)",51.760053000000006,-1.258617,South East,"Software Carpentry @ Oxford University, Oxford e-Research Centre (7 Keble Road ,Oxford, OX1 3QG)"
"Western General Hospital, Ediniburgh","Computing Lab 1, Medical Education Centre, Crewe Rd S, Edinburgh EH4 2XU",55.96286,-3.2318599999999997,Scotland,"Western General Hospital, Ediniburgh, Computing Lab 1, Medical Education Centre, Crewe Rd S, Edinburgh EH4 2XU"
UCL,"Room D3, Physics Building, Gower Street London WC1E 6BT, UCL, London",51.52528389,0.133528483,London,"UCL, Room D3, Physics Building, Gower Street London WC1E 6BT, UCL, London"
University of Birmingham,"CCB Large Meeting & Teaching Room, Haworth Building (Y2)",52.450237,-1.934362,West Midlands,"University of Birmingham, CCB Large Meeting & Teaching Room, Haworth Building (Y2)"
Imperial College London,"Huxley 340 and 341, South Kensington Campus, Imperial College London, SW7 2AZ",51.4988,-0.174877,London,"Imperial College London, Huxley 340 and 341, South Kensington Campus, Imperial College London, SW7 2AZ"
The University of Edinburgh,"Teaching Studio LG.07, David Hume Tower, George Sq, EH8 9JX, Edinburgh",55.94424,-3.19018,Scotland,"The University of Edinburgh, Teaching Studio LG.07, David Hume Tower, George Sq, EH8 9JX, Edinburgh"
University of Southampton,Lab G1 (166/21),50.89267,-1.39459,South East,"University of Southampton, Lab G1 (166/21)"
The University of Edinburgh,"James Clerk Maxwell Building, Peter Guthrie Tait Road, Edinburgh",55.921711,-3.173591,Scotland,"The University of Edinburgh, James Clerk Maxwell Building, Peter Guthrie Tait Road, Edinburgh"
University of Oxford,"Seminar Rooms 1-2, Level 2, New Radcliffe House, 49 Walton Street, Oxford OX2 6AE",51.760206,-1.2665389999999999,South East,"University of Oxford, Seminar Rooms 1-2, Level 2, New Radcliffe House, 49 Walton Street, Oxford OX2 6AE"
UCL,"25 Gordon Street - First Floor Cluster (105), UCL, London",51.525652,-0.133414,London,"UCL, 25 Gordon Street - First Floor Cluster (105), UCL, London"
University of Birmingham,Sportex G84,52.448434,-1.936395,West Midlands,"University of Birmingham, Sportex G84"
"Basement Lab, Humanities Bridgeford St. Building, Cathie Marsh Institute for Social Research",University of Manchester,53.466722,-2.236463,North West,"Basement Lab, Humanities Bridgeford St. Building, Cathie Marsh Institute for Social Research, University of Manchester"
Software Carpentry workshop - University Of Manchester,"Room 3.214, Univeristy Place, Wilmslow Road, Manchester",53.466944999999996,-2.233305,North West,"Software Carpentry workshop - University Of Manchester, Room 3.214, Univeristy Place, Wilmslow Road, Manchester"
University of Cambridge,"Bioinformatics Training Room, Craik-Marshall Building, Downing Site",52.201951,0.12251400000000001,Eastern,"University of Cambridge, Bioinformatics Training Room, Craik-Marshall Building, Downing Site"
University College London,"25 Gordon Street, First Floor Public Cluster (room 105)",51.525652,-0.133414,London,"University College London, 25 Gordon Street, First Floor Public Cluster (room 105)"
ARCHER-SSI Software Carpentry @ London School of Economics and Political Science,"Workspace 4, LSE LIFE, LSE Library: The British Library of Political and Economic Science, 10 Portugal St, London WC2A 2HD",51.51469,-0.115698,London,"ARCHER-SSI Software Carpentry @ London School of Economics and Political Science, Workspace 4, LSE LIFE, LSE Library: The British Library of Political and Economic Science, 10 Portugal St, London WC2A 2HD"
Imperial College London,"CDT space, Central Library level 4, access from the 2nd floor of Sherfield building (SW corner, towards the Great Hall, follow the signs to Software Carpentry), South Kensington Campus, Imperial College London, SW7 2AZ",51.4988,-0.174877,London,"Imperial College London, CDT space, Central Library level 4, access from the 2nd floor of Sherfield building (SW corner, towards the Great Hall, follow the signs to Software Carpentry), South Kensington Campus, Imperial College London, SW7 2AZ"
University of Edinburgh,"LG.07 Teaching Studio, David Hume Tower,  George Square, Edinburgh, EH8 9JX",55.943197999999995,-3.186577,Scotland,"University of Edinburgh, LG.07 Teaching Studio, David Hume Tower,  George Square, Edinburgh, EH8 9JX"
Imperial College London,"Sir Ernst Chain building 311, South Kensington Campus, Imperial College London, SW7 2AZ",51.4988,-0.174877,London,"Imperial College London, Sir Ernst Chain building 311, South Kensington Campus, Imperial College London, SW7 2AZ"
University of Manchester,"School of Computer Science, IT Building, Room IT407, Oxford Road, M13 9PL",53.467376,-2.234033,North West,"University of Manchester, School of Computer Science, IT Building, Room IT407, Oxford Road, M13 9PL"
University of Edinburgh,"Room EW06/07, Argyle House, Lady Lawson Street, Edinburgh",55.9465787,-3.2032138999999997,Scotland,"University of Edinburgh, Room EW06/07, Argyle House, Lady Lawson Street, Edinburgh"
Plotting and Programming in Python - Aberystwyth University,"Room 3.03, Physical Sciences Building, Aberystwyth University, Penglais, SY23 3BZ",52.4159,-4.0659,Wales,"Plotting and Programming in Python - Aberystwyth University, Room 3.03, Physical Sciences Building, Aberystwyth University, Penglais, SY23 3BZ"
King's College London,"King's College London Guy's Campus, London, SE1 3RR",51.504001,-0.08779400000000001,London,"King's College London, King's College London Guy's Campus, London, SE1 3RR"
UCL,"Cruciform Hub cluster room, Cruciform Building, Gower St, London, WC1E",51.524253,-0.13508399999999998,London,"UCL, Cruciform Hub cluster room, Cruciform Building, Gower St, London, WC1E"
Version Control with Git - Aberystwyth University,"Room 3.03, Physical Sciences Building, Aberystwyth University, Penglais, SY23 3BZ",52.4159,-4.0659,Wales,"Version Control with Git - Aberystwyth University, Room 3.03, Physical Sciences Building, Aberystwyth University, Penglais, SY23 3BZ"
Imperial College London,"CDT space, Central Library level 4, access from the 2nd floor of Sherfield building (SW corner, towards the Great Hall, follow the signs to Software Carpentry), South Kensington Campus, Imperial College London, SW7 2AZ",51.4988,-0.174877,London,"Imperial College London, CDT space, Central Library level 4, access from the 2nd floor of Sherfield building (SW corner, towards the Great Hall, follow the signs to Software Carpentry), South Kensington Campus, Imperial College London, SW7 2AZ"
University of Southampton,Building 67 / room 1007 and Building 32 / room 3077,50.936714,-1.3966,South East,"University of Southampton, Building 67 / room 1007 and Building 32 / room 3077"
The Unix Shell - Aberystwyth University,"Room 3.03, Physical Sciences Building, Aberystwyth University, Penglais, SY23 3BZ",52.4159,-4.0659,Wales,"The Unix Shell - Aberystwyth University, Room 3.03, Physical Sciences Building, Aberystwyth University, Penglais, SY23 3BZ"
The University of Leeds,"Liberty Building 1.14, University of Leeds Western Campus, Moorland Rd, Leeds LS3 1DB",53.808152,-1.5709498,Yorkshire and The Humber,"The University of Leeds, Liberty Building 1.14, University of Leeds Western Campus, Moorland Rd, Leeds LS3 1DB"
University of St Andrews,"Lecture Theatre 2, The Gateway, University of St Andrews, North Haugh, St Andrews, Fife, KY16 9RJ",56.341241000000004,-2.809415,Scotland,"University of St Andrews, Lecture Theatre 2, The Gateway, University of St Andrews, North Haugh, St Andrews, Fife, KY16 9RJ"
Imperial College London,"CDT space, Central Library level 4, access from the 2nd floor of Sherfield building (SW corner), South Kensington Campus, Imperial College London, SW7 2AZ",51.4988,-0.174877,London,"Imperial College London, CDT space, Central Library level 4, access from the 2nd floor of Sherfield building (SW corner), South Kensington Campus, Imperial College London, SW7 2AZ"
University of Manchester,"Room C24, Sackville Street Building, 60 Sackville Street, Manchester M1 3WE",53.47614,-2.234798,North West,"University of Manchester, Room C24, Sackville Street Building, 60 Sackville Street, Manchester M1 3WE"
ARCHER Software Carpentry @ The University of Leicester,"IT Room 2, David Wilson Library, University Rd, Leicester, LE1 9QD",52.620365,-1.124965,East Midlands,"ARCHER Software Carpentry @ The University of Leicester, IT Room 2, David Wilson Library, University Rd, Leicester, LE1 9QD"
King's College London,"King's College London Guy's Campus, London, SE1 3RR",51.504001,-0.08779400000000001,London,"King's College London, King's College London Guy's Campus, London, SE1 3RR"
The University of Edinburgh,Hudson Beare Classroom 8 (ground floor),55.92253,-3.171358,Scotland,"The University of Edinburgh, Hudson Beare Classroom 8 (ground floor)"
Imperial College London,"SALC 7, Sherfield building level 5, South Kensington Campus, Imperial College London, SW7 2AZ",51.4988,-0.174877,London,"Imperial College London, SALC 7, Sherfield building level 5, South Kensington Campus, Imperial College London, SW7 2AZ"
University of Manchester,HBS,53.466722,-2.236463,North West,"University of Manchester, HBS"
Swansea University,"Room 218, Wallace Building, Swansea University, Singleton Park, Sketty, Swansea SA2 8PP",51.608948999999996,-3.981289,Wales,"Swansea University, Room 218, Wallace Building, Swansea University, Singleton Park, Sketty, Swansea SA2 8PP"
University of Oxford,"Meeting Room L1Ax, BDI Building, Old Road Campus, Headington",51.752771,-1.214858,South East,"University of Oxford, Meeting Room L1Ax, BDI Building, Old Road Campus, Headington"
University of Oxford,"1st floor Seminar Room, Ioannou Centre for Classical and Byzantine Studies, 66 St Giles', Oxford OX1 3LU",51.756858,-1.260276,South East,"University of Oxford, 1st floor Seminar Room, Ioannou Centre for Classical and Byzantine Studies, 66 St Giles', Oxford OX1 3LU"
University College London,"Rooms 1 and 2 in 188 Tottenham Court Road, London W1T 7PH",51.521712,-0.13517200000000001,London,"University College London, Rooms 1 and 2 in 188 Tottenham Court Road, London W1T 7PH"
University of Manchester,Humanities Bridgeford St. (Building 35),53.466722,-2.236463,North West,"University of Manchester, Humanities Bridgeford St. (Building 35)"
ARCHER - Imperial College London,"PC lab in Sir Ernst Chain 311, 7 Imperial College Rd, Kensington, London SW7 2AZ",51.497687,-0.178248,London,"ARCHER - Imperial College London, PC lab in Sir Ernst Chain 311, 7 Imperial College Rd, Kensington, London SW7 2AZ"
University of Southampton,"Room 3011, Building 34, Highfield Campus, University of Southampton",50.934433,-1.39535,South East,"University of Southampton, Room 3011, Building 34, Highfield Campus, University of Southampton"
University of St Andrews,Room TBC,56.34124,-2.809338,Scotland,"University of St Andrews, Room TBC"
Earlham Institute,"Norwich Research Park, Norwich, NR4 7UZ",52.621793000000004,1.2194610000000001,Eastern,"Earlham Institute, Norwich Research Park, Norwich, NR4 7UZ"
"University College London, High-Energy Physics Group","Lab 2, Physics Building, UCL, Gower Street, London WC1E 6BT",51.525334,-0.133491,London,"University College London, High-Energy Physics Group, Lab 2, Physics Building, UCL, Gower Street, London WC1E 6BT"
University of Southampton,Old Thorns Manor Hotel Gold & Country Estate,51.074874,-0.832234,South East,"University of Southampton, Old Thorns Manor Hotel Gold & Country Estate"
"The National Archives, Kew","J31 Park, B&Q, Motherwell Way, Aveley RM20 3EH, United Kingdom",51.4816,0.2799,Eastern,"The National Archives, Kew, J31 Park, B&Q, Motherwell Way, Aveley RM20 3EH, United Kingdom"
University of Manchester,"PC Cluster 1, Stopford Building, 99 Oxford Rd, Manchester M13 9PG",53.464090399999996,-2.2296408,North West,"University of Manchester, PC Cluster 1, Stopford Building, 99 Oxford Rd, Manchester M13 9PG"
Imperial College London,"Kensington, London SW7 2AZ",51.498846,-0.17678670000000002,London,"Imperial College London, Kensington, London SW7 2AZ"
"University of Glasgow, Future of Computational Science Event","Level 5, School of Computing Science, Sir Alwyn Williams Building, University of Glasgow, Glasgow, G12 8QQ",55.87389,-4.291815,Scotland,"University of Glasgow, Future of Computational Science Event, Level 5, School of Computing Science, Sir Alwyn Williams Building, University of Glasgow, Glasgow, G12 8QQ"
The Francis Crick Institute,"1 Midland Rd, Kings Cross, London NW1 1AT",51.53183,-0.12825,London,"The Francis Crick Institute, 1 Midland Rd, Kings Cross, London NW1 1AT"
University of Oxford,"Oxford e-Research Centre (7 Keble Road ,Oxford, OX1 3QG)",51.760053000000006,-1.258617,South East,"University of Oxford, Oxford e-Research Centre (7 Keble Road ,Oxford, OX1 3QG)"
Earlham Institute,"Darwin Room, Norwich Research Park, Norwich, NR4 7UZ, United Kingdom",52.621741,1.218987,Eastern,"Earlham Institute, Darwin Room, Norwich Research Park, Norwich, NR4 7UZ, United Kingdom"
"Streatham Campus, University of Exeter","Stocker Road, Exeter, EX4 4QD",50.736981,-3.53424,South West,"Streatham Campus, University of Exeter, Stocker Road, Exeter, EX4 4QD"
University of Oxford,"Department of Anthropology,64 Banbury Road, Oxford OX2 6PE",51.764476,-1.2603280000000001,South East,"University of Oxford, Department of Anthropology,64 Banbury Road, Oxford OX2 6PE"
University College London,"Room D3, Physics Building, Gower Street, London WC1E 6BT",51.52528389,-0.133528483,London,"University College London, Room D3, Physics Building, Gower Street, London WC1E 6BT"
University of Cambridge,"Bioinformatics Training Room, Craik-Marshall Building, Downing Site",52.201951,0.12251400000000001,Eastern,"University of Cambridge, Bioinformatics Training Room, Craik-Marshall Building, Downing Site"
University of Manchester,"Collab 1, Kilburn Building, Oxford Road, Manchester M13 9PL",53.467380000000006,-2.2340869999999997,North West,"University of Manchester, Collab 1, Kilburn Building, Oxford Road, Manchester M13 9PL"
University of Sheffield,"Workroom 1 (G04), Diamond, 32 Leavygreave Rd, Sheffield S3 7RD",53.381590599999996,-1.4817909,Yorkshire and The Humber,"University of Sheffield, Workroom 1 (G04), Diamond, 32 Leavygreave Rd, Sheffield S3 7RD"
University of Southampton,"Room 2207/2209, Building 85 (Biological Sciences Building)",50.936484,-1.395341,South East,"University of Southampton, Room 2207/2209, Building 85 (Biological Sciences Building)"
University of Southampton,"Room 2207/2209, Building 85 (Biological Sciences Building)",50.936484,-1.395341,South East,"University of Southampton, Room 2207/2209, Building 85 (Biological Sciences Building)"
University College London,"G20 Cluster, Christopher Ingold Building, 20 Gordon Street, WC1H 0AJ",51.525256,-0.132574,London,"University College London, G20 Cluster, Christopher Ingold Building, 20 Gordon Street, WC1H 0AJ"
University of Sheffield,"Bartolomé House, Winter Street, Sheffield, S3",53.384498,-1.488683,Yorkshire and The Humber,"University of Sheffield, Bartolomé House, Winter Street, Sheffield, S3"
Imperial College London,"Royal School of Mines 3.38, South Kensington campus, London",51.499708,-0.176343,London,"Imperial College London, Royal School of Mines 3.38, South Kensington campus, London"
Imperial College London,"Royal School of Mines 3.38, South Kensington campus, London",51.499708,-0.176343,London,"Imperial College London, Royal School of Mines 3.38, South Kensington campus, London"
University of Leeds,"Fourman Cluster (room 8.49), Worsley Building, Clarendon Way, Leeds LS2 9JT",53.80361,-1.555145,Yorkshire and The Humber,"University of Leeds, Fourman Cluster (room 8.49), Worsley Building, Clarendon Way, Leeds LS2 9JT"
"Media and Arts Technology CDT, Queen Mary University of London","Engineering Building Room G2a, School of Electronic Engineering and Computer Science, Queen Mary University of London, London E1 4NS",51.523586,-0.040498,London,"Media and Arts Technology CDT, Queen Mary University of London, Engineering Building Room G2a, School of Electronic Engineering and Computer Science, Queen Mary University of London, London E1 4NS"
The Francis Crick Institute,"The Francis Crick Institute, 1 Midland Road, London NW1 1AT",51.5318302,-0.1304385,London,"The Francis Crick Institute, The Francis Crick Institute, 1 Midland Road, London NW1 1AT"
The Queen's University Belfast,"Room MAP.01.004, Mathematics and Physics Teaching Centre, QUB",54.58406899999999,-5.934326,Northern Ireland,"The Queen's University Belfast, Room MAP.01.004, Mathematics and Physics Teaching Centre, QUB"
University of St Andrews,"Lecture Room 2, The Gateway, North Haugh, St Andrews, KY16 9RJ",56.34124,-2.809338,Scotland,"University of St Andrews, Lecture Room 2, The Gateway, North Haugh, St Andrews, KY16 9RJ"
"University of Edinburgh, King's Buildings, JCMB","Room 3217, James Clerk Maxwell Building, Peter Guthrie Tait Road, Edinburgh, EH9 3FD",55.9215522,-3.1749892999999996,Scotland,"University of Edinburgh, King's Buildings, JCMB, Room 3217, James Clerk Maxwell Building, Peter Guthrie Tait Road, Edinburgh, EH9 3FD"
"University of Edinburgh, King's Buildings, JCMB","Room 3217, James Clerk Maxwell Building, Peter Guthrie Tait Road, Edinburgh, EH9 3FD",55.9215522,-3.1749892999999996,Scotland,"University of Edinburgh, King's Buildings, JCMB, Room 3217, James Clerk Maxwell Building, Peter Guthrie Tait Road, Edinburgh, EH9 3FD"
University of Leeds,"Woodhouse Lane, Leeds, LS2 9JT",53.808116000000005,-1.55231,Yorkshire and The Humber,"University of Leeds, Woodhouse Lane, Leeds, LS2 9JT"
Earlham Institute,"Norwich Research Park, Norwich, NR4 7UZ, United Kingdom",52.621741,1.218987,Eastern,"Earlham Institute, Norwich Research Park, Norwich, NR4 7UZ, United Kingdom"
University of Leeds,"School of Mechanical Engineering (5th floor cluster, room 5.34), Woodhouse Lane, Leeds, LS2 9JT",53.809847,-1.555563,Yorkshire and The Humber,"University of Leeds, School of Mechanical Engineering (5th floor cluster, room 5.34), Woodhouse Lane, Leeds, LS2 9JT"
"Cathie Marsh Institute for Social Research, University of Manchester","HBS Basement Lab, School of Social Sciences, Humanities Bridgeford St. Building, Manchester, M13 9PL",53.466657,-2.23654,North West,"Cathie Marsh Institute for Social Research, University of Manchester, HBS Basement Lab, School of Social Sciences, Humanities Bridgeford St. Building, Manchester, M13 9PL"
University of St Andrews,"Bute Annexe - CAPOD Training room 4 (beside front entrance of Bute Building, Queen's Terrace, St Andrews KY16 9TS)",56.337475,-2.7940650000000002,Scotland,"University of St Andrews, Bute Annexe - CAPOD Training room 4 (beside front entrance of Bute Building, Queen's Terrace, St Andrews KY16 9TS)"
University of Oxford,"IT Suite, Manor Road Building, Manor Road, Oxford, OX1 3UQ",51.757295,-1.246788,South East,"University of Oxford, IT Suite, Manor Road Building, Manor Road, Oxford, OX1 3UQ"
University of Oxford,"IT Suite, Manor Road Building, Manor Road, Oxford OX1 3UQ",51.757295,-1.246788,South East,"University of Oxford, IT Suite, Manor Road Building, Manor Road, Oxford OX1 3UQ"
University of Sheffield,"Information Commons, University of Sheffield, Sheffield",53.381786,-1.484577,Yorkshire and The Humber,"University of Sheffield, Information Commons, University of Sheffield, Sheffield"
"EPSRC & MRC Centre for Doctoral Training in Regenerative Medicine, University of Manchester","C24 Sackville St Building, 60 Sackville St, Manchester M1 3WE",53.475809,-2.234747,North West,"EPSRC & MRC Centre for Doctoral Training in Regenerative Medicine, University of Manchester, C24 Sackville St Building, 60 Sackville St, Manchester M1 3WE"
Imperial College London,"ICT Training Room, 204 Central Library Sherfield Building, Exhibition Road, South Kensington, London, SW7 2AZ",51.4988,-0.174877,London,"Imperial College London, ICT Training Room, 204 Central Library Sherfield Building, Exhibition Road, South Kensington, London, SW7 2AZ"
NERC / University of Bristol,"School of Earth Sciences, University of Bristol, Wills Memorial Building, Queens Road,Bristol BS8 1RJ",51.456,-2.6039999999999996,South West,"NERC / University of Bristol, School of Earth Sciences, University of Bristol, Wills Memorial Building, Queens Road,Bristol BS8 1RJ"
University of Cambridge,"Bioinformatics Training Room, Craik-Marshall Building, Downing Site",52.201951,0.12251400000000001,Eastern,"University of Cambridge, Bioinformatics Training Room, Craik-Marshall Building, Downing Site"
University of Oxford,"The Oxford Research Centre in the Humanities, Woodstock Rd, Oxford OX2",51.760166999999996,-1.262284,South East,"University of Oxford, The Oxford Research Centre in the Humanities, Woodstock Rd, Oxford OX2"
University of Dundee,"Room 1G04, Dalhousie Building, University of Dundee, Dundee, Scotland, UK, DD1 5EN",56.459408999999994,-2.981928,Scotland,"University of Dundee, Room 1G04, Dalhousie Building, University of Dundee, Dundee, Scotland, UK, DD1 5EN"
NERC / University of Bristol,"School of Earth Sciences, University of Bristol, Wills Memorial Building, Queens Road,Bristol BS8 1RJ",51.456,-2.6039999999999996,South West,"NERC / University of Bristol, School of Earth Sciences, University of Bristol, Wills Memorial Building, Queens Road,Bristol BS8 1RJ"
University College London,"ISD training room B07; 1-19 Torrington Place, WC1E 7HB",51.521869,-0.134323,London,"University College London, ISD training room B07; 1-19 Torrington Place, WC1E 7HB"
"Medical Sciences Teaching Centre, University of Oxford","Medical Sciences Teaching Centre, Lower Ground Seminar Rooms (LGa and LGb), Sherard Road (off South Parks Road), Oxford, OX1 3PL",51.760109,-1.251356,South East,"Medical Sciences Teaching Centre, University of Oxford, Medical Sciences Teaching Centre, Lower Ground Seminar Rooms (LGa and LGb), Sherard Road (off South Parks Road), Oxford, OX1 3PL"
Met Office College,"Met Office, Exeter, EX1 3PB",50.727622,-3.475646,South West,"Met Office College, Met Office, Exeter, EX1 3PB"
University of Leeds,"IT Services Building, Room 8.03b (IT Meeting Room 1)",53.805657999999994,-1.554303,Yorkshire and The Humber,"University of Leeds, IT Services Building, Room 8.03b (IT Meeting Room 1)"
University College London,"Room 2.23, Chadwick Building, UCL, Gower Street, London WC1E 6BT",51.524133,-0.13409200000000002,London,"University College London, Room 2.23, Chadwick Building, UCL, Gower Street, London WC1E 6BT"
University of Manchester,"PC 1, Stopford Building, Oxford Road, Manchester, M13 9PT",53.463981999999994,-2.2303490000000004,North West,"University of Manchester, PC 1, Stopford Building, Oxford Road, Manchester, M13 9PT"
EPCC - The University of Edinburgh,"JCMB, Peter Guthrie Tait Road, Edinburgh, EH9 3FD",55.92155,-3.174546,Scotland,"EPCC - The University of Edinburgh, JCMB, Peter Guthrie Tait Road, Edinburgh, EH9 3FD"
University of Southampton,"Highfield House Hotel, 119 Highfield Lane",50.9275813,-1.395988,South East,"University of Southampton, Highfield House Hotel, 119 Highfield Lane"
Earlham Institute - Darwin Room,"Norwich Research Park, Norwich, NR4 7UG",52.621793000000004,1.2194610000000001,Eastern,"Earlham Institute - Darwin Room, Norwich Research Park, Norwich, NR4 7UG"
"CoDiMa - International Centre for Mathematical Sciences, Edinburgh","15 South College Street, Edinburgh, EH8 9AA",55.946993000000006,-3.187138,Scotland,"CoDiMa - International Centre for Mathematical Sciences, Edinburgh, 15 South College Street, Edinburgh, EH8 9AA"
University of Nottingham,"Room B09, Sutton Bonington Campus, University of Nottingham, Loughborough, LE12 5RD, UK",52.831714,-1.250765,East Midlands,"University of Nottingham, Room B09, Sutton Bonington Campus, University of Nottingham, Loughborough, LE12 5RD, UK"
University College London,"Christopher Ingold Building, Cluster Room G20, 20 Gordon Street, London WC1H 0AJ",51.52538039,-0.132326449,London,"University College London, Christopher Ingold Building, Cluster Room G20, 20 Gordon Street, London WC1H 0AJ"
University of Cambridge,"Bioinformatics Training Room, Craik-Marshall Building, Downing Site",52.201923,0.122492,Eastern,"University of Cambridge, Bioinformatics Training Room, Craik-Marshall Building, Downing Site"
University of Southampton,"Room 3077, Building 32",50.934345,-1.396227,South East,"University of Southampton, Room 3077, Building 32"
University of Edinburgh,"Main Library at 30 George Square, Edinburgh EH8 9LJ",55.942828000000006,-3.189147,Scotland,"University of Edinburgh, Main Library at 30 George Square, Edinburgh EH8 9LJ"
University of Edinburgh,"Main Library at 30 George Square, Edinburgh EH8 9LJ",55.942828000000006,-3.189147,Scotland,"University of Edinburgh, Main Library at 30 George Square, Edinburgh EH8 9LJ"
University of Oxford,"Herbertson Room, School of Geography and the Environment",51.752021,-1.2577260000000001,South East,"University of Oxford, Herbertson Room, School of Geography and the Environment"
NERC / University of Leeds,"School of Earth and Environment, The University of Leeds, Leeds, LS2 9JT",53.805572999999995,-1.555464,Yorkshire and The Humber,"NERC / University of Leeds, School of Earth and Environment, The University of Leeds, Leeds, LS2 9JT"
NERC / University of Leeds,"EC Stoner Building, The University of Leeds, Leeds, LS2 9JT",53.80549499999999,-1.552041,Yorkshire and The Humber,"NERC / University of Leeds, EC Stoner Building, The University of Leeds, Leeds, LS2 9JT"
University of Leeds,"School of Mechanical Engineering (5th floor cluster, room 5.34), Woodhouse Lane, Leeds, LS2 9JT",53.809847,-1.555563,Yorkshire and The Humber,"University of Leeds, School of Mechanical Engineering (5th floor cluster, room 5.34), Woodhouse Lane, Leeds, LS2 9JT"
University College London,"ISD training room B07; 1-19 Torrington Place, WC1E 7HB",51.521869,-0.134323,London,"University College London, ISD training room B07; 1-19 Torrington Place, WC1E 7HB"
University of Leeds,"Liberty Building, Western Campus, University of Leeds, LS2 9JT",53.808225,-1.562333,Yorkshire and The Humber,"University of Leeds, Liberty Building, Western Campus, University of Leeds, LS2 9JT"
The Queen's University Belfast,"Teaching Room 1, Medical Biology Centre (Teaching Centre), Queen's University Belfast",54.584408999999994,-5.934049,Northern Ireland,"The Queen's University Belfast, Teaching Room 1, Medical Biology Centre (Teaching Centre), Queen's University Belfast"
Earlham Institute,"Darwin Room, Norwich Research Park, Norwich, NR4 7UH",52.62173000000001,1.2183423,Eastern,"Earlham Institute, Darwin Room, Norwich Research Park, Norwich, NR4 7UH"
University of Cambridge,"Bioinformatics Training Room, Craik-Marshall Building, Downing Site",52.201951,0.12251400000000001,Eastern,"University of Cambridge, Bioinformatics Training Room, Craik-Marshall Building, Downing Site"
"Royal Holloway, University of London","Room 103, McCrea Building, Royal Holloway, Egham, Surrey, TW20 0EX",51.425985299999994,-0.5646045,South East,"Royal Holloway, University of London, Room 103, McCrea Building, Royal Holloway, Egham, Surrey, TW20 0EX"
University of Edinburgh,"Room 4325C, James Clerk Maxwell Building, The University of Edinburgh",55.92155,-3.174546,Scotland,"University of Edinburgh, Room 4325C, James Clerk Maxwell Building, The University of Edinburgh"
University of Leeds,"Woodhouse Lane, Leeds, LS2 9JT",53.808116000000005,-1.55231,Yorkshire and The Humber,"University of Leeds, Woodhouse Lane, Leeds, LS2 9JT"
Imperial College London,"Imperial College London, ICT Training Room, 204 Central Library Sherfield Building, Exhibition Road, South Kensington, London, SW7 2AZ",51.4988,-0.174877,London,"Imperial College London, Imperial College London, ICT Training Room, 204 Central Library Sherfield Building, Exhibition Road, South Kensington, London, SW7 2AZ"
"EPSRC & MRC Centre for Doctoral Training in Regenerative Medicine, University of Manchester","Room C24, Sackville St Building, Sackville Street, Manchester",53.47614,-2.234798,North West,"EPSRC & MRC Centre for Doctoral Training in Regenerative Medicine, University of Manchester, Room C24, Sackville St Building, Sackville Street, Manchester"
Earlham Institute,"Darwin Room, Norwich Research Park, Norwich, NR4 7UH",52.621697,-1.2192889999999998,East Midlands,"Earlham Institute, Darwin Room, Norwich Research Park, Norwich, NR4 7UH"
University College London,"Christopher Ingold Building, Cluster Room G20, 20 Gordon Street, London WC1H 0AJ",51.52538039,-0.132326449,London,"University College London, Christopher Ingold Building, Cluster Room G20, 20 Gordon Street, London WC1H 0AJ"
University of Edinburgh (EPCC),"University of Edinburgh, Room 1026c, James Clerk Maxwell Building, King's Buildings, Peter Guthrie Tait Road, Edinburgh, EH9 3FD",55.9216414,-3.1738225,Scotland,"University of Edinburgh (EPCC), University of Edinburgh, Room 1026c, James Clerk Maxwell Building, King's Buildings, Peter Guthrie Tait Road, Edinburgh, EH9 3FD"
Natural History Museum,"Natural History Museum, Cromwell Road, London, SW7 5BD",51.495933,-0.176367,London,"Natural History Museum, Natural History Museum, Cromwell Road, London, SW7 5BD"
Natural History Museum,"Natural History Museum, Cromwell Road, London, SW7 5BD",51.495933,-0.176367,London,"Natural History Museum, Natural History Museum, Cromwell Road, London, SW7 5BD"
NERC / University of Leeds,"School of Earth and Environment, University of Leeds, Leeds, LS2 9J",53.8057,-1.5557,Yorkshire and The Humber,"NERC / University of Leeds, School of Earth and Environment, University of Leeds, Leeds, LS2 9J"
University of Dundee,"Room 1G04, Dalhousie Building, University of Dundee, Dundee, Scotland, UK, DD1 5EN",56.459408999999994,-2.981928,Scotland,"University of Dundee, Room 1G04, Dalhousie Building, University of Dundee, Dundee, Scotland, UK, DD1 5EN"
University of Huddersfield,"School of Applied Sciences, Huddersfield, HD1 3DH",53.642603,-1.778514,Yorkshire and The Humber,"University of Huddersfield, School of Applied Sciences, Huddersfield, HD1 3DH"
NERC / University of Bristol,"School of Earth Sciences, University of Bristol, Wills Memorial Building, Queens Road, Bristol BS8 1RJ. United Kingdom",51.456,-2.6039999999999996,South West,"NERC / University of Bristol, School of Earth Sciences, University of Bristol, Wills Memorial Building, Queens Road, Bristol BS8 1RJ. United Kingdom"
University of Southampton,"Room 2207 & Room 2209, Building 85",50.934345,-1.396227,South East,"University of Southampton, Room 2207 & Room 2209, Building 85"
University of Portsmouth,"University of Portsmouth, Room DS1.09, Dennis Sciama Bldg, Burnaby Road, Portsmouth, P01 3FX",50.797655999999996,-1.0982889999999998,South East,"University of Portsmouth, University of Portsmouth, Room DS1.09, Dennis Sciama Bldg, Burnaby Road, Portsmouth, P01 3FX"
ARCHER and SSI workshop for Women in Science and Engineering,"Atlas and Collab1 rooms, Kilburn Building, Oxford Road,  M13 9PL Manchester",53.467293000000005,-2.233876,North West,"ARCHER and SSI workshop for Women in Science and Engineering, Atlas and Collab1 rooms, Kilburn Building, Oxford Road,  M13 9PL Manchester"
University of Edinburgh,"Room 4325D, James Clerk Maxwell Building, Peter Guthrie Tait Road, Edinburgh, EH9 3FD.",55.921862,-3.173654,Scotland,"University of Edinburgh, Room 4325D, James Clerk Maxwell Building, Peter Guthrie Tait Road, Edinburgh, EH9 3FD."
University of Manchester,"Atlas Rooms 1 and 2, Kilburn Building, School of Computer Science, University of Manchester, Oxford Road, Manchester M13 9PL",53.467674,-2.233924,North West,"University of Manchester, Atlas Rooms 1 and 2, Kilburn Building, School of Computer Science, University of Manchester, Oxford Road, Manchester M13 9PL"
CoDiMa - University of Manchester,"University Place, Oxford Road, Manchester",53.466758,-2.233717,North West,"CoDiMa - University of Manchester, University Place, Oxford Road, Manchester"
"Royal Holloway, University of London","Royal Holloway, Egham Hill, Egham TW20 0EX",51.426608,-0.567005,South East,"Royal Holloway, University of London, Royal Holloway, Egham Hill, Egham TW20 0EX"
University College London,"ISD Training Room B07, 1-19 Torrington Place, London WC1E 7HB",51.522582,-0.134352,London,"University College London, ISD Training Room B07, 1-19 Torrington Place, London WC1E 7HB"
Culham Centre for Fusion Energy,"Abingdon, Oxfordshire, OX14 3DB, UK",51.6576076,-1.2287899,South East,"Culham Centre for Fusion Energy, Abingdon, Oxfordshire, OX14 3DB, UK"
University of Manchester,"PC Cluster 2 bay D, Stopford Building, Oxford Road, Manchester, M13 9PT",53.464141000000005,-2.230779,North West,"University of Manchester, PC Cluster 2 bay D, Stopford Building, Oxford Road, Manchester, M13 9PT"
,,51.5280395,-0.1015937,London,
University of Leeds,TBC,53.806484999999995,-1.555022,Yorkshire and The Humber,"University of Leeds, TBC"
University College London,university college london,51.521885,-0.134077,London,"University College London, university college london"
University of Oxford,"South Parks Road, OX1 3PS",51.7590106,-1.2511766000000002,South East,"University of Oxford, South Parks Road, OX1 3PS"
Imperial College London,school of mines building imperial college london prince consort road,51.499845,-0.17720999999999998,London,"Imperial College London, school of mines building imperial college london prince consort road"
University of Southampton,"Room 3077, Building 32,",50.934039,-1.396167,South East,"University of Southampton, Room 3077, Building 32,"
The University of Leeds - Advanced Research Computing,"Liberty Building G33, University of Leeds Business School, LS6 1AN",53.808282999999996,-1.562384,Yorkshire and The Humber,"The University of Leeds - Advanced Research Computing, Liberty Building G33, University of Leeds Business School, LS6 1AN"
University of Cambridge,"Bioinformatics Training Room, Craik-Marshall Building, Downing Site",52.201951,0.12251400000000001,Eastern,"University of Cambridge, Bioinformatics Training Room, Craik-Marshall Building, Downing Site"
University of Surrey,"University of Surrey, Guildford",51.242779999999996,-0.58958,South East,"University of Surrey, University of Surrey, Guildford"
NERC / University of Leeds,"School of Earth and Environment, University of Leeds, Leeds, LS2 9JT",53.8057,-1.5557,Yorkshire and The Humber,"NERC / University of Leeds, School of Earth and Environment, University of Leeds, Leeds, LS2 9JT"
SAP Headquarters near London Heathrow,"Clockhouse Place, Bedfont Road, Feltham, Middlesex TW14 8HD",51.449025,-0.445043,London,"SAP Headquarters near London Heathrow, Clockhouse Place, Bedfont Road, Feltham, Middlesex TW14 8HD"
University of St Andrews,"School of Physics and Astronomy, University of St Andrews, North Haugh, St Andrewws, KY16 9SS, Scotland",56.340084999999995,-2.807146,Scotland,"University of St Andrews, School of Physics and Astronomy, University of St Andrews, North Haugh, St Andrewws, KY16 9SS, Scotland"
University College London,"Cruciform B115A Cluster, University College London",51.524559,-0.13404000000000002,London,"University College London, Cruciform B115A Cluster, University College London"
University of Cambridge," Craik-Marshall Building, Downing Site, Cambridge",52.201965,0.12248599999999998,Eastern,"University of Cambridge,  Craik-Marshall Building, Downing Site, Cambridge"
University of Edinburgh,"James Clerk Maxwell Building, room 1.1206C, King's Buildings, Edinburgh EH9 3JZ",55.921552,-3.173641,Scotland,"University of Edinburgh, James Clerk Maxwell Building, room 1.1206C, King's Buildings, Edinburgh EH9 3JZ"
Imperial College London,"Imperial College London, ICT Training Room, 204 Central Library Sherfield Building, Exhibition Road, South Kensington, London, SW7 2AZ",51.4988,-0.174877,London,"Imperial College London, Imperial College London, ICT Training Room, 204 Central Library Sherfield Building, Exhibition Road, South Kensington, London, SW7 2AZ"
University College London,"1-19 Torrington Place, London",51.521882,-0.13408399999999998,London,"University College London, 1-19 Torrington Place, London"
"EPSRC & MRC Centre for Doctoral Training in Regenerative Medicine, University of Manchester","Room C24 in the Sackville St Building, Sackville Street, Manchester",53.4773,-2.2374,North West,"EPSRC & MRC Centre for Doctoral Training in Regenerative Medicine, University of Manchester, Room C24 in the Sackville St Building, Sackville Street, Manchester"
NERC / University of Leeds,"School of Earth and Environment, University of Leeds, Leeds, LS2 9JT",53.8057,-1.5557,Yorkshire and The Humber,"NERC / University of Leeds, School of Earth and Environment, University of Leeds, Leeds, LS2 9JT"
University of Oxford,"Atmospheric Oceanic and Planetary Physics Department, Dobson Room, Atmospheric Physics Building, Sherrington Road, Oxford",51.759155,-1.25596,South East,"University of Oxford, Atmospheric Oceanic and Planetary Physics Department, Dobson Room, Atmospheric Physics Building, Sherrington Road, Oxford"
Oxford University,"Wellcome Trust for Human Genetics, Roosevelt Drive, Oxford, OX3 7BN",51.752109999999995,-1.2152379999999998,South East,"Oxford University, Wellcome Trust for Human Genetics, Roosevelt Drive, Oxford, OX3 7BN"
University of Glasgow,"Lab 323, Kelvin Building, G12 8SU",55.871708999999996,-4.291651,Scotland,"University of Glasgow, Lab 323, Kelvin Building, G12 8SU"
University of Edinburgh,"Room 3217, James Clerk Maxwell Building, Peter Guthrie Tait Road, Edinburgh, EH9 3FD",55.921628000000005,-3.174155,Scotland,"University of Edinburgh, Room 3217, James Clerk Maxwell Building, Peter Guthrie Tait Road, Edinburgh, EH9 3FD"
University of Manchester,"Atlas 1-2 Room, Kilburn Building, Oxford Road, M13 9PL Manchester",53.467293000000005,-2.233876,North West,"University of Manchester, Atlas 1-2 Room, Kilburn Building, Oxford Road, M13 9PL Manchester"
NERC / University of Leeds,"Charles Thackrah Building, University of Leeds, Leeds, LS2 9JT",53.806999999999995,-1.5607,Yorkshire and The Humber,"NERC / University of Leeds, Charles Thackrah Building, University of Leeds, Leeds, LS2 9JT"
University of Liverpool,"Foresight Centre, 1 Brownlow Street, Liverpool, L69 3GL",53.4087914,-2.9723748,North West,"University of Liverpool, Foresight Centre, 1 Brownlow Street, Liverpool, L69 3GL"
"The Nowgen Centre, University of Manchester","29 Grafton Street, Manchester, M13 9WU",53.463651,-2.227592,North West,"The Nowgen Centre, University of Manchester, 29 Grafton Street, Manchester, M13 9WU"
University College London,"Gordon House 106 29 Gordon Square, London, WC1H 0PP",51.525003999999996,-0.13201300000000002,London,"University College London, Gordon House 106 29 Gordon Square, London, WC1H 0PP"
University College London,University College London,51.524559,-0.13404000000000002,London,"University College London, University College London"
Imperial College London,"Room 1.51, Royal School of Mines (RSM) Building, South Kensington Campus, Imperial College London, London.",51.499471,-0.1764,London,"Imperial College London, Room 1.51, Royal School of Mines (RSM) Building, South Kensington Campus, Imperial College London, London."
University of Cambridge,"Craik-Marshall Building, University of Cambridge, Downing Site, Cambridge, CB2 3AR",52.201893,0.12303,Eastern,"University of Cambridge, Craik-Marshall Building, University of Cambridge, Downing Site, Cambridge, CB2 3AR"
Cranfield University,"Computer Teaching Suite (room 252), Whittle Building (building 52), College Road, Cranfield, MK43 0AL",52.074389000000004,-0.629225,Eastern,"Cranfield University, Computer Teaching Suite (room 252), Whittle Building (building 52), College Road, Cranfield, MK43 0AL"
University of Nottingham,"University Park, NG7 2RD, Nottingham",52.938635999999995,-1.195158,East Midlands,"University of Nottingham, University Park, NG7 2RD, Nottingham"
University of Reading,"Department of Meteorology, Whiteknights, Earley Gate,Reading, RG6 7BE, Berkshire",51.4419,-0.9456,South East,"University of Reading, Department of Meteorology, Whiteknights, Earley Gate,Reading, RG6 7BE, Berkshire"
"G07, Royal School of Mines, Imperial College London","Prince Consort Road, South Kensington Campus, London SW7 2AZ",51.499715,-0.174904,London,"G07, Royal School of Mines, Imperial College London, Prince Consort Road, South Kensington Campus, London SW7 2AZ"
University College London,University College London,51.524559,-0.13404000000000002,London,"University College London, University College London"
National Oceanography Centre,"Waterfront Campus, European Way, Southampton, Hampshire, SO14 3ZH",50.893131,-1.39494,South East,"National Oceanography Centre, Waterfront Campus, European Way, Southampton, Hampshire, SO14 3ZH"
"GARNet, University of Warwick","School of Life Sciences on Gibbet Hill Campus, Coventry",52.3802961,-1.5639370000000001,West Midlands,"GARNet, University of Warwick, School of Life Sciences on Gibbet Hill Campus, Coventry"
University College London,London,51.5243625,-0.134475,London,"University College London, London"
Earlham Institute,"Norwich Research Park, Norwich",52.62176289999999,-1.240993,East Midlands,"Earlham Institute, Norwich Research Park, Norwich"
University of Manchester,"Room IT407, Information Technology Building, University of Manchester, Oxford Road, M13 9PL",53.467971999999996,-2.2331540000000003,North West,"University of Manchester, Room IT407, Information Technology Building, University of Manchester, Oxford Road, M13 9PL"
"Centre for Mathematical Sciences, University of Cambridge","Wilberforce Road, Cambridge",52.209868,0.10243900000000002,Eastern,"Centre for Mathematical Sciences, University of Cambridge, Wilberforce Road, Cambridge"
University of Dundee,"College of Life Sciences, University of Dundee, Dundee DD1 5EH",56.464,-2.97,Scotland,"University of Dundee, College of Life Sciences, University of Dundee, Dundee DD1 5EH"
University of Glasgow,"Room 320, Kelvin Building",55.87185,-4.29155,Scotland,"University of Glasgow, Room 320, Kelvin Building"
University of Edinburgh,"Room 3217, James Clark Maxwell Building, Kings Buildings, Mayfield Road, Edinburgh, EH9 3JZ",55.921628000000005,-3.174155,Scotland,"University of Edinburgh, Room 3217, James Clark Maxwell Building, Kings Buildings, Mayfield Road, Edinburgh, EH9 3JZ"
University of Exeter,"Reed Hall, Streatham Drive, Exeter, Devon EX4 4QR",50.735788,-3.5350330000000003,South West,"University of Exeter, Reed Hall, Streatham Drive, Exeter, Devon EX4 4QR"
Digital Greenwich,"11th Floor, Greenwich Digital Enterprise Centre, 6 Mitre Passage, London SE10 0ER",51.500659999999996,0.00663,London,"Digital Greenwich, 11th Floor, Greenwich Digital Enterprise Centre, 6 Mitre Passage, London SE10 0ER"
University College London,University College London,51.524559,-0.13404000000000002,London,"University College London, University College London"
University of Bristol, ,51.457971,-2.601474,South West,"University of Bristol,  "
University of Bath, ,51.3777431,-2.3263778999999998,South West,"University of Bath,  "
University of Southampton, ,50.937715999999995,-1.395599,South East,"University of Southampton,  "
University of Oxford, ,51.759865000000005,-1.258648,South East,"University of Oxford,  "
University of Manchester, ,53.4783491,-2.2416052000000004,North West,"University of Manchester,  "
"EGI Forum, Manchester",,53.467102000000004,-2.2339580000000003,North West,
University College London,,51.524789,-0.133578,London,
Queen Mary University London,Queen Mary University London,51.524066999999995,-0.040374,London,"Queen Mary University London, Queen Mary University London"
University of Edinburgh, ,55.945327899999995,-3.1911838,Scotland,"University of Edinburgh,  "
University of Oxford,New Biochemistry,51.7571373,-1.2569052,South East,"University of Oxford, New Biochemistry"
Newcastle University,,54.980095,-1.6146141999999999,North East,
University of York,University of York,53.94819329999999,-1.0529144,Yorkshire and The Humber,"University of York, University of York"
Rutherford Appleton Laboratory, ,51.573333,-1.314722,South East,"Rutherford Appleton Laboratory,  "
Newcastle University, ,54.980095,-1.6146141999999999,North East,"Newcastle University,  "
University College London, ,51.5598815,-0.1334579,London,"University College London,  "
